,Churn
4148,1
2810,1
2420,0
5390,1
3524,1
100,0
2612,0
5350,1
641,0
3140,1
2793,1
940,0
1584,0
5114,1
3822,1
1125,0
2,0
4514,1
2794,1
3365,1
159,0
2225,0
4846,1
1195,0
4124,1
127,0
3343,1
1334,0
3743,1
3232,1
1579,0
1229,0
1200,0
1705,0
4016,1
5692,1
5169,1
504,0
765,0
2129,0
3280,1
3997,1
5443,1
3749,1
4188,1
2858,1
3651,1
2347,0
5641,1
5029,1
1424,0
5466,1
3461,1
596,0
2205,0
1030,0
4755,1
3235,1
5737,1
4764,1
2758,1
5654,1
4513,1
1505,0
3259,1
3201,1
1763,0
5348,1
3941,1
4971,1
3470,1
2282,0
4675,1
1576,0
603,0
2100,0
5247,1
4719,1
1300,0
3709,1
5434,1
574,0
5274,1
4975,1
3509,1
4554,1
852,0
463,0
792,0
5399,1
2494,0
1099,0
5300,1
1481,0
4980,1
4743,1
1429,0
4634,1
3814,1
5617,1
4852,1
2337,0
610,0
1302,0
989,0
2109,0
615,0
5709,1
5790,1
396,0
2304,0
3336,1
4882,1
4078,1
1952,0
542,0
754,0
172,0
4843,1
1585,0
1514,0
392,0
2563,0
4156,1
566,0
5275,1
1526,0
5119,1
1324,0
4213,1
4053,1
2729,1
5614,1
3291,1
95,0
4818,1
5645,1
2674,1
327,0
1403,0
1075,0
3533,1
969,0
2149,0
5000,1
3881,1
1471,0
5305,1
3707,1
1260,0
3034,1
5310,1
5082,1
1898,0
2892,1
2946,1
526,0
4638,1
1069,0
1040,0
3194,1
4970,1
3915,1
919,0
166,0
5786,1
2506,0
2687,1
210,0
527,0
1852,0
1964,0
5782,1
2982,1
427,0
4529,1
1928,0
2333,0
1785,0
1509,0
27,0
301,0
3775,1
4811,1
4731,1
1265,0
637,0
1039,0
3944,1
1228,0
5661,1
4281,1
3916,1
2848,1
4223,1
2016,0
5068,1
3861,1
4278,1
2307,0
320,0
2886,1
4038,1
994,0
86,0
5116,1
3101,1
1773,0
1553,0
2681,1
619,0
1486,0
3528,1
4752,1
2469,0
5380,1
2707,1
5246,1
3412,1
5738,1
4482,1
5573,1
2277,0
1280,0
505,0
4837,1
1642,0
2115,0
2180,0
4062,1
1856,0
2098,0
803,0
1644,0
4671,1
4759,1
3180,1
1758,0
3429,1
1220,0
2161,0
3567,1
3730,1
1181,0
5205,1
5010,1
1381,0
485,0
3994,1
4722,1
5501,1
1261,0
2464,0
4911,1
4171,1
1241,0
2326,0
1288,0
1363,0
5290,1
2694,1
3769,1
394,0
4046,1
1235,0
1834,0
84,0
2870,1
416,0
2306,0
1064,0
216,0
2377,0
304,0
4771,1
2790,1
2260,0
482,0
1329,0
818,0
3983,1
2611,0
5215,1
677,0
639,0
72,0
277,0
5418,1
3816,1
1023,0
3554,1
3168,1
5801,1
837,0
2241,0
1226,0
3530,1
4586,1
2087,0
1968,0
1141,0
929,0
4742,1
5339,1
2934,1
1923,0
3323,1
5817,1
3398,1
2847,1
1014,0
2992,1
5472,1
1713,0
5302,1
5385,1
4160,1
5669,1
4336,1
1423,0
3188,1
236,0
2438,0
4242,1
4417,1
726,0
3381,1
5208,1
186,0
4991,1
2949,1
3609,1
3242,1
2086,0
1517,0
3096,1
4998,1
4196,1
1394,0
1867,0
3992,1
5190,1
4186,1
3734,1
1346,0
945,0
2849,1
5694,1
5570,1
3159,1
440,0
1755,0
537,0
4828,1
1289,0
3316,1
2536,0
3911,1
1616,0
4747,1
2783,1
1360,0
5444,1
842,0
4237,1
5281,1
4870,1
3674,1
1863,0
3717,1
4891,1
291,0
3949,1
2040,0
4052,1
3695,1
2301,0
82,0
3908,1
1054,0
2485,0
5781,1
3463,1
5096,1
1520,0
2279,0
3627,1
5083,1
838,0
3837,1
4956,1
1719,0
5398,1
4989,1
5581,1
1993,0
1502,0
1702,0
2369,0
4757,1
1550,0
2599,0
1283,0
3698,1
4629,1
3647,1
5476,1
2547,0
763,0
2142,0
5411,1
4805,1
4781,1
501,0
5606,1
5372,1
5795,1
1938,0
4546,1
234,0
5228,1
2131,0
5502,1
1668,0
190,0
991,0
3087,1
2261,0
1610,0
1433,0
3618,1
5346,1
4702,1
5221,1
3737,1
1690,0
3880,1
3999,1
1079,0
3560,1
1001,0
2756,1
3004,1
3156,1
2540,0
1089,0
4084,1
1815,0
4026,1
5432,1
3777,1
1458,0
2969,1
2503,0
340,0
5079,1
5022,1
4337,1
370,0
3192,1
758,0
5242,1
2798,1
1764,0
4125,1
2880,1
3740,1
873,0
4616,1
4952,1
4180,1
4530,1
1848,0
1589,0
5369,1
1461,0
2706,1
4192,1
5270,1
3808,1
3112,1
510,0
5200,1
3403,1
3251,1
3035,1
5213,1
3368,1
2662,1
2113,0
4594,1
4126,1
3761,1
918,0
2715,1
290,0
1676,0
267,0
3664,1
3866,1
2106,0
115,0
5579,1
4199,1
1142,0
2721,1
3556,1
4291,1
1365,0
3594,1
1568,0
1372,0
1737,0
3724,1
4011,1
170,0
4387,1
4374,1
3311,1
65,0
335,0
2186,0
352,0
4606,1
5347,1
4857,1
5161,1
2158,0
2065,0
2360,0
1927,0
5578,1
297,0
3149,1
1475,0
4122,1
4007,1
5433,1
5490,1
4279,1
1911,0
4210,1
1197,0
2082,0
3643,1
275,0
2083,0
1147,0
3410,1
4284,1
4555,1
3929,1
2917,1
3203,1
5431,1
5808,1
5780,1
4479,1
5796,1
1860,0
3898,1
2060,0
1375,0
900,0
4658,1
4247,1
5678,1
2840,1
3002,1
709,0
1847,0
3308,1
3823,1
631,0
2716,1
4155,1
3714,1
2427,0
5437,1
4543,1
287,0
3953,1
5036,1
54,0
1767,0
4801,1
2595,0
3802,1
2077,0
4721,1
1548,0
4826,1
5677,1
355,0
3106,1
5442,1
996,0
1622,0
5764,1
2487,0
2402,0
488,0
5059,1
1979,0
4443,1
4924,1
4833,1
4423,1
735,0
1956,0
909,0
5344,1
746,0
1299,0
5421,1
730,0
1880,0
1053,0
59,0
1720,0
4997,1
3017,1
3962,1
775,0
2497,0
561,0
1566,0
3222,1
2199,0
3021,1
2390,0
720,0
1562,0
5707,1
4455,1
3198,1
4697,1
1742,0
772,0
4006,1
1888,0
5387,1
698,0
841,0
656,0
1959,0
964,0
2188,0
4961,1
450,0
4986,1
700,0
5136,1
94,0
3899,1
3912,1
2102,0
2054,0
1958,0
2198,0
3442,1
1044,0
3954,1
2734,1
1549,0
4936,1
2672,1
3160,1
794,0
4939,1
1853,0
2473,0
367,0
586,0
5730,1
2714,1
5758,1
2501,0
654,0
585,0
1127,0
1701,0
2049,0
757,0
3059,1
2820,1
5440,1
4538,1
5295,1
2908,1
2903,1
147,0
5373,1
5016,1
2179,0
4888,1
1024,0
2483,0
759,0
895,0
5468,1
956,0
2458,0
3147,1
985,0
1638,0
5813,1
5494,1
959,0
3706,1
4322,1
5611,1
2036,0
2266,0
2561,0
2406,0
2105,0
4559,1
3064,1
406,0
1684,0
5469,1
3219,1
5429,1
1747,0
2955,1
4784,1
4174,1
2551,0
1367,0
1287,0
1388,0
56,0
1631,0
5785,1
106,0
4290,1
4890,1
4472,1
1057,0
5471,1
5404,1
3155,1
2845,1
801,0
1718,0
1977,0
2452,0
5364,1
3284,1
3326,1
3519,1
312,0
3366,1
5203,1
2807,1
2068,0
2110,0
5363,1
1871,0
5341,1
3083,1
2757,1
3171,1
4730,1
1417,0
1240,0
3818,1
1301,0
5099,1
2799,1
1518,0
1783,0
4343,1
3164,1
1894,0
1124,0
2015,0
4393,1
2192,0
222,0
4370,1
295,0
2094,0
674,0
2364,0
5683,1
1012,0
1046,0
5261,1
77,0
3408,1
777,0
2926,1
3237,1
3725,1
3170,1
1421,0
2066,0
824,0
1368,0
5755,1
3964,1
29,0
1266,0
5362,1
3879,1
817,0
345,0
2894,1
5576,1
3976,1
738,0
3465,1
1093,0
3469,1
866,0
3687,1
645,0
3562,1
184,0
1721,0
4104,1
5032,1
1883,0
2962,1
1837,0
3006,1
405,0
972,0
3878,1
894,0
4620,1
2296,0
4835,1
4226,1
4548,1
5061,1
5439,1
5222,1
1656,0
255,0
1939,0
1515,0
1279,0
5549,1
4993,1
5525,1
3961,1
4388,1
1085,0
821,0
4305,1
5256,1
2281,0
1835,0
2621,0
890,0
633,0
279,0
1317,0
5164,1
4055,1
4487,1
934,0
4855,1
3742,1
669,0
660,0
2997,1
4667,1
3370,1
5626,1
3324,1
5454,1
4887,1
4745,1
259,0
2011,0
5196,1
762,0
4130,1
4547,1
1281,0
487,0
2404,0
338,0
2711,1
4067,1
2491,0
822,0
2744,1
124,0
5172,1
3010,1
2164,0
3790,1
2579,0
480,0
4357,1
552,0
4005,1
2126,0
986,0
5,0
1775,0
899,0
1984,0
5026,1
5271,1
3058,1
3588,1
1410,0
747,0
1488,0
3833,1
3575,1
2433,0
5243,1
3233,1
4610,1
5239,1
1905,0
5458,1
2813,1
5282,1
2814,1
3574,1
1536,0
1058,0
5074,1
5214,1
662,0
4491,1
1237,0
178,0
4932,1
577,0
3003,1
554,0
4170,1
2108,0
4110,1
401,0
1062,0
2286,0
5001,1
3715,1
3175,1
207,0
1464,0
2245,0
4236,1
695,0
5759,1
1777,0
4643,1
2666,1
2410,0
3383,1
609,0
5273,1
3681,1
2338,0
2242,0
444,0
3013,1
1508,0
1115,0
5493,1
5602,1
1447,0
3771,1
5354,1
1210,0
5279,1
237,0
833,0
2665,1
1670,0
426,0
4158,1
3293,1
1345,0
3447,1
768,0
1906,0
3732,1
1582,0
1512,0
3129,1
3394,1
573,0
2482,0
1262,0
1184,0
157,0
3900,1
1726,0
4459,1
3095,1
4351,1
2574,0
5004,1
1285,0
2576,0
1885,0
4729,1
3568,1
1003,0
3980,1
4859,1
4908,1
3462,1
670,0
3274,1
1650,0
2624,0
3542,1
5012,1
4294,1
247,0
5057,1
513,0
4662,1
1208,0
4334,1
5289,1
5682,1
3126,1
3893,1
4185,1
2310,0
3830,1
4552,1
1803,0
1271,0
652,0
4847,1
3897,1
4664,1
4383,1
3924,1
605,0
1222,0
1407,0
4471,1
1426,0
2076,0
2466,0
4838,1
3759,1
2408,0
2825,1
4768,1
1218,0
4821,1
2562,0
589,0
2429,0
3938,1
1831,0
4677,1
5142,1
2816,1
2252,0
420,0
789,0
3779,1
3221,1
514,0
4558,1
2590,0
402,0
729,0
1693,0
3302,1
3819,1
403,0
2548,0
3722,1
3471,1
4425,1
5643,1
3481,1
2414,0
5384,1
4119,1
4996,1
5572,1
5793,1
3267,1
4379,1
1116,0
878,0
3514,1
4432,1
3728,1
5254,1
1679,0
3438,1
2965,1
5268,1
1573,0
5653,1
1033,0
5182,1
3133,1
1729,0
3940,1
642,0
5668,1
1641,0
658,0
1614,0
5157,1
2302,0
5031,1
624,0
950,0
1309,0
3496,1
3869,1
5183,1
3244,1
2675,1
5241,1
1736,0
3986,1
2685,1
442,0
2719,1
109,0
4150,1
2229,0
3415,1
1109,0
2393,0
4151,1
3772,1
2521,0
4904,1
1828,0
3984,1
4883,1
4641,1
2888,1
2585,0
4405,1
773,0
5212,1
3624,1
4820,1
5557,1
4897,1
2727,1
1703,0
2753,1
1669,0
1485,0
1451,0
2677,1
5165,1
2834,1
3287,1
2697,1
5461,1
865,0
5634,1
2118,0
879,0
2975,1
5393,1
4522,1
271,0
1722,0
4881,1
4139,1
1391,0
4912,1
239,0
1811,0
5577,1
1232,0
1969,0
3868,1
5453,1
4033,1
484,0
867,0
5112,1
5400,1
4228,1
1382,0
2686,1
5481,1
1774,0
5463,1
5597,1
2270,0
296,0
2792,1
4869,1
2146,0
3517,1
1148,0
973,0
2210,0
4429,1
2637,1
971,0
1996,0
4289,1
3433,1
3905,1
3948,1
2416,0
1930,0
5467,1
5280,1
2732,1
2052,0
3111,1
5027,1
1153,0
1768,0
1870,0
3702,1
2765,1
2028,0
914,0
3241,1
5600,1
2996,1
1497,0
942,0
4618,1
4179,1
1224,0
2522,0
2236,0
1472,0
734,0
3240,1
5430,1
4286,1
5810,1
1666,0
791,0
4132,1
797,0
1752,0
1706,0
3653,1
5175,1
5650,1
993,0
1531,0
663,0
5366,1
1788,0
3413,1
2571,0
2447,0
1723,0
108,0
5262,1
1978,0
4892,1
4901,1
4043,1
1205,0
779,0
4183,1
2948,1
1015,0
2648,1
37,0
1707,0
4850,1
4968,1
1239,0
2217,0
3950,1
4164,1
2919,1
445,0
1850,0
5094,1
2059,0
19,0
5420,1
2700,1
3505,1
1535,0
60,0
750,0
3092,1
856,0
1175,0
4035,1
1320,0
2883,1
3801,1
686,0
556,0
3037,1
3531,1
5749,1
1935,0
2216,0
4032,1
5504,1
3139,1
3165,1
2841,1
438,0
4798,1
4275,1
2698,1
490,0
171,0
5714,1
2584,0
143,0
1049,0
3337,1
5283,1
5521,1
1626,0
1918,0
1352,0
305,0
2119,0
1507,0
2293,0
3637,1
423,0
5358,1
4496,1
1800,0
1306,0
3094,1
834,0
1032,0
132,0
2748,1
3355,1
1027,0
5146,1
1854,0
1882,0
4706,1
1689,0
4564,1
48,0
571,0
4252,1
3145,1
2400,0
2283,0
3863,1
4024,1
5251,1
3810,1
2135,0
4129,1
2197,0
3179,1
4326,1
2085,0
1351,0
4814,1
3028,1
2801,1
4958,1
1253,0
2709,1
3640,1
941,0
2731,1
3217,1
211,0
1827,0
240,0
3705,1
1822,0
545,0
433,0
4698,1
2542,0
3615,1
280,0
2838,1
3483,1
3656,1
2712,1
5192,1
5762,1
588,0
1434,0
4672,1
4265,1
3277,1
195,0
785,0
1965,0
5235,1
1416,0
1580,0
53,0
3345,1
3146,1
845,0
3022,1
4509,1
2000,0
3045,1
3427,1
3697,1
3078,1
2417,0
3650,1
5030,1
198,0
1868,0
4640,1
474,0
1457,0
1366,0
699,0
1420,0
5330,1
905,0
1419,0
209,0
134,0
467,0
2769,1
4949,1
4682,1
102,0
2480,0
3563,1
5121,1
1454,0
1078,0
2035,0
2031,0
5285,1
5705,1
3124,1
4095,1
5496,1
4816,1
491,0
318,0
4465,1
4599,1
4141,1
5526,1
4506,1
5409,1
3067,1
1601,0
3063,1
2980,1
4976,1
1490,0
1060,0
2243,0
4562,1
3784,1
846,0
4636,1
1414,0
228,0
947,0
648,0
343,0
1830,0
58,0
4940,1
4409,1
1891,0
2442,0
4233,1
4341,1
3023,1
2350,0
1117,0
1144,0
4440,1
1469,0
3557,1
289,0
3405,1
2187,0
128,0
251,0
2029,0
5353,1
5662,1
5487,1
4075,1
1995,0
1290,0
5321,1
155,0
4019,1
1597,0
2062,0
1405,0
3969,1
4352,1
4505,1
4134,1
2244,0
4925,1
4477,1
1659,0
1820,0
5005,1
4894,1
2441,0
1263,0
2111,0
3923,1
2869,1
5162,1
2019,0
528,0
563,0
3652,1
4382,1
1678,0
3577,1
3895,1
1866,0
1067,0
3978,1
3545,1
4068,1
4568,1
1104,0
4264,1
5689,1
2446,0
3285,1
2033,0
550,0
2461,0
5342,1
1671,0
1583,0
4808,1
2472,0
1319,0
3055,1
2518,0
1903,0
3553,1
1778,0
723,0
112,0
4027,1
3216,1
4727,1
384,0
1091,0
55,0
4031,1
2865,1
3085,1
3847,1
3072,1
1954,0
3699,1
299,0
2331,0
1087,0
68,0
361,0
3434,1
3288,1
3693,1
249,0
1994,0
5060,1
5396,1
1332,0
4040,1
3258,1
2211,0
1312,0
1691,0
2605,0
4058,1
4740,1
3711,1
5436,1
1242,0
4109,1
3178,1
1137,0
1314,0
5388,1
1456,0
4607,1
5729,1
306,0
1330,0
1161,0
616,0
3661,1
5564,1
57,0
651,0
2896,1
1211,0
5771,1
2418,0
5558,1
3957,1
4517,1
1108,0
737,0
540,0
3965,1
5633,1
2176,0
3297,1
204,0
691,0
144,0
4877,1
646,0
1418,0
1999,0
2399,0
1106,0
1844,0
584,0
1284,0
1987,0
5199,1
2956,1
4103,1
4982,1
1182,0
1135,0
4507,1
1932,0
1476,0
1877,0
4960,1
811,0
2983,1
4418,1
2970,1
2904,1
1592,0
690,0
2194,0
2831,1
2371,0
2204,0
5448,1
4232,1
4625,1
5506,1
2037,0
4044,1
123,0
5688,1
5761,1
1118,0
4201,1
650,0
4243,1
4779,1
5047,1
3289,1
4219,1
5084,1
5051,1
5408,1
73,0
1632,0
3392,1
5455,1
2089,0
2327,0
3032,1
4941,1
4917,1
245,0
3828,1
3723,1
1637,0
2114,0
499,0
2366,0
2078,0
5428,1
840,0
1581,0
551,0
806,0
3098,1
8,0
3731,1
4209,1
1754,0
74,0
2994,1
3453,1
1810,0
4420,1
897,0
323,0
731,0
4916,1
4501,1
4927,1
5733,1
3270,1
3190,1
5770,1
5314,1
459,0
451,0
1176,0
4000,1
2153,0
1916,0
1192,0
1516,0
529,0
1384,0
3268,1
5532,1
4537,1
4348,1
4929,1
337,0
3339,1
4295,1
767,0
4475,1
36,0
4318,1
4709,1
3708,1
3516,1
3472,1
5647,1
5394,1
1649,0
319,0
2586,0
2193,0
212,0
152,0
5746,1
133,0
308,0
2181,0
2232,0
3952,1
2191,0
5043,1
1246,0
3667,1
1795,0
2050,0
2445,0
1206,0
4349,1
5543,1
5632,1
5229,1
5376,1
4758,1
3144,1
3426,1
4436,1
3502,1
3315,1
1387,0
2392,0
1629,0
2704,1
2269,0
1173,0
2764,1
3344,1
1628,0
3549,1
1973,0
2791,1
3377,1
960,0
2583,0
5238,1
9,0
3623,1
4492,1
2166,0
1103,0
1004,0
4621,1
1663,0
1991,0
121,0
1152,0
4266,1
808,0
4645,1
5708,1
1603,0
2160,0
2964,1
963,0
1807,0
276,0
1128,0
4066,1
3228,1
827,0
3529,1
2833,1
2137,0
3157,1
476,0
4695,1
1784,0
901,0
1998,0
4578,1
5412,1
2465,0
4225,1
5392,1
3249,1
3608,1
3928,1
774,0
974,0
1376,0
4866,1
461,0
1661,0
5088,1
2988,1
4135,1
3182,1
1323,0
1731,0
3610,1
1946,0
142,0
5150,1
3958,1
5006,1
4819,1
4563,1
2868,1
4373,1
2873,1
5317,1
373,0
2343,0
4737,1
1919,0
2588,0
4229,1
2231,0
1430,0
1230,0
419,0
2117,0
5574,1
4942,1
1627,0
5605,1
4717,1
3720,1
3136,1
3454,1
1164,0
4365,1
2550,0
4780,1
4358,1
4823,1
5075,1
3273,1
4009,1
2804,1
682,0
3576,1
5170,1
5370,1
283,0
5640,1
1122,0
2207,0
2275,0
2851,1
2317,0
4608,1
1499,0
200,0
5580,1
4023,1
3782,1
4713,1
3889,1
3254,1
902,0
5619,1
1133,0
4535,1
4977,1
5515,1
5351,1
2454,0
1741,0
5765,1
3183,1
5620,1
2902,1
1561,0
1858,0
2957,1
1238,0
3127,1
4093,1
2255,0
257,0
2020,0
1544,0
2257,0
4,0
5488,1
1624,0
3951,1
1292,0
4400,1
4681,1
839,0
1207,0
1590,0
1408,0
5556,1
1608,0
1874,0
1496,0
203,0
5156,1
2167,0
1254,0
1572,0
2999,1
148,0
4230,1
3676,1
4375,1
4360,1
5269,1
5413,1
118,0
2457,0
1386,0
260,0
3102,1
4394,1
2931,1
2173,0
3335,1
3633,1
5631,1
4081,1
1961,0
752,0
5457,1
780,0
4089,1
4431,1
5334,1
2570,0
5216,1
4748,1
3874,1
1983,0
393,0
1397,0
4845,1
2361,0
1438,0
4272,1
1431,0
4994,1
3494,1
2359,0
4931,1
4573,1
492,0
3205,1
2884,1
4449,1
2768,1
724,0
740,0
1982,0
2233,0
3787,1
3500,1
3548,1
2030,0
4330,1
1120,0
600,0
3750,1
887,0
2606,0
3930,1
927,0
4221,1
167,0
4903,1
262,0
4597,1
3458,1
2785,1
2633,1
3012,1
2289,0
1881,0
2602,0
1199,0
4879,1
4203,1
5534,1
1193,0
4526,1
1198,0
5483,1
3318,1
3856,1
802,0
1567,0
2857,1
2627,0
2057,0
4633,1
4696,1
1545,0
2788,1
4197,1
778,0
3490,1
671,0
1026,0
2881,1
5484,1
483,0
81,0
5445,1
2615,0
2856,1
4270,1
4428,1
3038,1
1537,0
4683,1
385,0
3885,1
1591,0
1896,0
2025,0
3430,1
3679,1
3338,1
3011,1
4566,1
611,0
3358,1
202,0
2743,1
3131,1
825,0
5332,1
454,0
4674,1
2525,0
3675,1
3321,1
2121,0
2389,0
640,0
4020,1
3645,1
168,0
2658,1
710,0
2325,0
4451,1
5284,1
4486,1
517,0
2963,1
149,0
3746,1
1303,0
3286,1
4321,1
3946,1
546,0
1797,0
2262,0
4422,1
562,0
3555,1
5127,1
3773,1
2724,1
961,0
3922,1
568,0
5732,1
201,0
3566,1
300,0
3890,1
4059,1
877,0
1162,0
5320,1
32,0
3435,1
5465,1
705,0
2728,1
3677,1
1337,0
1440,0
1674,0
3486,1
3142,1
2938,1
3850,1
4923,1
3883,1
3628,1
2375,0
2937,1
3684,1
3356,1
4346,1
2664,1
1942,0
3086,1
23,0
732,0
5249,1
4410,1
3261,1
3218,1
1947,0
1298,0
2239,0
3806,1
923,0
3551,1
2235,0
2803,1
5462,1
4646,1
1575,0
3418,1
5231,1
3630,1
756,0
3573,1
1902,0
4542,1
3813,1
702,0
4516,1
688,0
229,0
4511,1
3425,1
1013,0
594,0
4708,1
1864,0
1341,0
2073,0
5171,1
5821,1
5513,1
3301,1
3832,1
4200,1
3597,1
67,0
3860,1
944,0
1415,0
1050,0
41,0
5349,1
412,0
5296,1
2527,0
5180,1
3503,1
4896,1
1746,0
25,0
2312,0
3834,1
4074,1
689,0
3894,1
5265,1
4841,1
5007,1
4207,1
3539,1
4323,1
1251,0
3329,1
3909,1
3780,1
5277,1
523,0
2080,0
3489,1
3266,1
868,0
4715,1
4258,1
4549,1
78,0
4316,1
2226,0
4113,1
1017,0
2444,0
111,0
5017,1
1171,0
17,0
4754,1
5253,1
2638,1
3185,1
3849,1
3347,1
90,0
2165,0
2505,0
1223,0
2867,1
2097,0
3184,1
188,0
2780,1
3525,1
4022,1
1541,0
2280,0
5723,1
2623,0
5103,1
460,0
1677,0
1336,0
3005,1
3407,1
5636,1
4810,1
2860,1
5138,1
693,0
293,0
1843,0
5696,1
379,0
3701,1
5173,1
3665,1
2930,1
4851,1
5202,1
5092,1
5449,1
4014,1
1908,0
5687,1
1992,0
391,0
3340,1
714,0
1390,0
524,0
415,0
1564,0
4338,1
1446,0
3245,1
5140,1
4921,1
456,0
2515,0
3189,1
3655,1
3703,1
4028,1
1816,0
3755,1
1586,0
2189,0
18,0
2265,0
1463,0
630,0
4673,1
141,0
4241,1
2099,0
2481,0
1717,0
232,0
4598,1
4096,1
3620,1
3446,1
2699,1
2467,0
3351,1
5799,1
4065,1
2933,1
5766,1
3456,1
4541,1
3981,1
341,0
3639,1
377,0
4922,1
858,0
3803,1
1217,0
5685,1
1245,0
3014,1
3379,1
1806,0
5787,1
5608,1
4665,1
2877,1
4948,1
2103,0
2056,0
1643,0
3361,1
3019,1
2095,0
2091,0
5403,1
1686,0
2701,1
4087,1
4688,1
4474,1
3193,1
4389,1
3538,1
5561,1
903,0
3825,1
4320,1
1084,0
921,0
5664,1
5435,1
4099,1
5797,1
3583,1
1886,0
4390,1
4910,1
4215,1
2067,0
66,0
1546,0
1716,0
4637,1
3956,1
2737,1
2705,1
163,0
5168,1
1129,0
4138,1
5774,1
2717,1
4581,1
434,0
678,0
1781,0
1782,0
1227,0
2463,0
2823,1
4623,1
525,0
5123,1
2318,0
1657,0
2787,1
3069,1
931,0
4441,1
5509,1
4354,1
4277,1
5245,1
3024,1
4574,1
1730,0
3372,1
1160,0
34,0
4785,1
3621,1
1513,0
1398,0
5329,1
4399,1
230,0
5655,1
1725,0
3767,1
2200,0
3253,1
968,0
288,0
2378,0
2355,0
3256,1
2984,1
138,0
634,0
3342,1
5812,1
3135,1
1824,0
3008,1
4886,1
2154,0
3600,1
3109,1
2264,0
4853,1
5217,1
810,0
1432,0
269,0
3872,1
3362,1
5227,1
1268,0
5382,1
1547,0
1258,0
1445,0
5769,1
2742,1
722,0
864,0
2539,0
4644,1
5126,1
1594,0
5397,1
3118,1
3598,1
3541,1
736,0
1662,0
958,0
1126,0
2314,0
5681,1
4628,1
4531,1
2696,1
5671,1
2959,1
30,0
1950,0
614,0
5489,1
3195,1
173,0
809,0
4827,1
3191,1
847,0
5234,1
3515,1
4490,1
4430,1
946,0
5615,1
1335,0
2003,0
3416,1
4858,1
4071,1
4984,1
425,0
3932,1
1282,0
2560,0
1787,0
579,0
4302,1
5772,1
5630,1
1373,0
3123,1
559,0
4396,1
4918,1
1563,0
5325,1
1715,0
3495,1
3174,1
1865,0
4235,1
2348,0
962,0
2581,0
1145,0
3359,1
3334,1
2287,0
3212,1
1724,0
5158,1
4650,1
2022,0
2864,1
5128,1
5076,1
1936,0
1201,0
2439,0
3103,1
3303,1
3455,1
1131,0
2651,1
5427,1
676,0
3855,1
2587,0
2132,0
915,0
2430,0
988,0
1658,0
2538,0
5226,1
5446,1
2223,0
5473,1
5713,1
1530,0
892,0
1683,0
1483,0
3341,1
4794,1
20,0
534,0
181,0
1441,0
1809,0
1875,0
411,0
4340,1
938,0
2909,1
5313,1
2995,1
374,0
2027,0
1412,0
3208,1
1028,0
2905,1
1851,0
2846,1
2363,0
3294,1
1813,0
3710,1
3578,1
1872,0
1221,0
3056,1
3246,1
92,0
508,0
4165,1
3642,1
2862,1
1521,0
4070,1
1315,0
860,0
2603,0
3751,1
4079,1
2639,1
2256,0
728,0
4659,1
4524,1
223,0
3963,1
2636,1
5352,1
1277,0
5604,1
1321,0
4030,1
375,0
5102,1
1009,0
3272,1
2128,0
169,0
2776,1
4013,1
2407,0
5628,1
4111,1
3220,1
2774,1
2202,0
2616,0
449,0
5389,1
1595,0
4094,1
2290,0
2911,1
1849,0
2222,0
5565,1
3572,1
5684,1
935,0
218,0
15,0
1910,0
3332,1
4590,1
1920,0
5760,1
381,0
2234,0
5474,1
3110,1
2353,0
4301,1
1664,0
2395,0
158,0
2597,0
1307,0
512,0
965,0
4364,1
1532,0
4177,1
3544,1
1769,0
1696,0
5355,1
1435,0
4947,1
3089,1
1645,0
2688,1
2212,0
2936,1
1331,0
344,0
1348,0
5014,1
1452,0
2559,0
1704,0
4361,1
5009,1
4736,1
2398,0
3016,1
2642,1
3937,1
2990,1
4469,1
4572,1
235,0
3047,1
1404,0
1878,0
1543,0
3884,1
2163,0
870,0
3547,1
2669,1
4485,1
3040,1
4488,1
5143,1
5482,1
5186,1
4333,1
2879,1
1470,0
541,0
538,0
5185,1
2474,0
2008,0
3330,1
3172,1
3891,1
4520,1
3396,1
4694,1
5287,1
3972,1
922,0
3,0
2835,1
4251,1
4631,1
5324,1
3348,1
2920,1
2913,1
4240,1
1095,0
5717,1
4913,1
5219,1
581,0
3754,1
5197,1
5176,1
383,0
104,0
5811,1
5693,1
1191,0
2462,0
1097,0
4064,1
3638,1
1468,0
5460,1
2679,1
3475,1
2315,0
1021,0
4082,1
5067,1
5618,1
2303,0
4120,1
282,0
4039,1
813,0
3688,1
2657,1
2177,0
238,0
3309,1
628,0
4777,1
2203,0
3007,1
4050,1
2147,0
4437,1
5266,1
455,0
2436,0
4716,1
4783,1
3765,1
4137,1
347,0
5648,1
120,0
4693,1
1096,0
3451,1
5206,1
5674,1
4981,1
2530,0
5585,1
4088,1
4815,1
1971,0
4692,1
2836,1
97,0
2762,1
2372,0
3668,1
859,0
604,0
776,0
3499,1
2032,0
2682,1
3262,1
5748,1
4350,1
3682,1
5141,1
5658,1
5624,1
5815,1
1427,0
4791,1
5598,1
2209,0
3478,1
206,0
3815,1
3510,1
4097,1
3468,1
2622,0
205,0
661,0
4905,1
264,0
5819,1
2667,1
2839,1
4407,1
3213,1
3042,1
2668,1
468,0
2510,0
4307,1
2558,0
452,0
5703,1
4817,1
3844,1
3090,1
3231,1
5134,1
5359,1
3215,1
395,0
2238,0
1025,0
2809,1
422,0
4712,1
4045,1
4056,1
4481,1
5539,1
2340,0
926,0
4378,1
5622,1
3512,1
2609,0
4076,1
3177,1
5218,1
5193,1
5510,1
617,0
2468,0
333,0
2998,1
5050,1
992,0
5184,1
4144,1
4297,1
311,0
5326,1
3226,1
5511,1
5690,1
2208,0
2124,0
131,0
4567,1
1166,0
4324,1
4217,1
5679,1
3757,1
2403,0
4963,1
745,0
3571,1
2640,1
3919,1
4427,1
2096,0
356,0
2890,1
3399,1
636,0
2800,1
1802,0
1047,0
3200,1
241,0
5775,1
2455,0
5135,1
5101,1
3744,1
1065,0
1937,0
1527,0
2297,0
2071,0
4503,1
3887,1
2171,0
979,0
564,0
4875,1
5315,1
816,0
2747,1
1997,0
2509,0
1750,0
516,0
5523,1
3120,1
2168,0
2566,0
3051,1
2043,0
5307,1
1212,0
4398,1
227,0
4926,1
2512,0
3522,1
2134,0
2607,0
3460,1
153,0
4344,1
1786,0
292,0
1990,0
5778,1
793,0
5548,1
2038,0
2973,1
2953,1
1294,0
3424,1
2354,0
2875,1
4276,1
3138,1
5367,1
591,0
5322,1
3559,1
3933,1
1660,0
5167,1
990,0
620,0
749,0
2130,0
5070,1
1612,0
2830,1
5337,1
5294,1
5695,1
1588,0
2600,0
1967,0
1377,0
3616,1
441,0
503,0
1425,0
1219,0
1326,0
883,0
1948,0
4593,1
3152,1
268,0
3333,1
42,0
2453,0
582,0
1510,0
5137,1
2496,0
608,0
470,0
2478,0
3088,1
199,0
5698,1
3804,1
5002,1
3130,1
2832,1
4576,1
835,0
1037,0
4868,1
3033,1
1098,0
3523,1
2385,0
3452,1
1286,0
1349,0
3257,1
5667,1
1738,0
548,0
2526,0
2591,0
4699,1
3091,1
5675,1
265,0
4862,1
2516,0
5159,1
5519,1
952,0
5406,1
4175,1
783,0
4057,1
1922,0
220,0
3738,1
2557,0
533,0
3074,1
3497,1
2322,0
4248,1
5377,1
4825,1
4753,1
5041,1
481,0
4831,1
4824,1
1168,0
4653,1
5635,1
1061,0
4214,1
5147,1
2311,0
2182,0
4983,1
2821,1
5805,1
5272,1
5587,1
2755,1
916,0
4402,1
2589,0
4540,1
248,0
130,0
3508,1
5085,1
1925,0
1976,0
4034,1
5540,1
4371,1
3794,1
1437,0
360,0
122,0
50,0
1400,0
5179,1
3602,1
2313,0
5789,1
4663,1
3054,1
2895,1
331,0
5492,1
4557,1
326,0
3269,1
5788,1
3561,1
4446,1
1448,0
4657,1
342,0
4253,1
4528,1
5120,1
502,0
5198,1
1102,0
3942,1
3736,1
1814,0
1267,0
354,0
2004,0
629,0
4493,1
5039,1
5048,1
2882,1
820,0
1167,0
3696,1
4086,1
5177,1
1051,0
2859,1
3521,1
3068,1
2092,0
2923,1
3313,1
999,0
684,0
5264,1
3920,1
1269,0
1296,0
4184,1
2610,0
3386,1
4767,1
2545,0
784,0
3876,1
4550,1
3535,1
4306,1
7,0
2655,1
4453,1
5736,1
3910,1
2046,0
5568,1
2152,0
3307,1
1556,0
5582,1
1112,0
1618,0
1801,0
5704,1
771,0
2702,1
1793,0
5038,1
4602,1
1371,0
3733,1
742,0
1943,0
2945,1
3137,1
2643,1
884,0
3357,1
2448,0
5726,1
932,0
2101,0
2339,0
1772,0
4108,1
4073,1
3467,1
1002,0
1826,0
2349,0
4498,1
4021,1
3371,1
4871,1
1823,0
5153,1
3444,1
4790,1
1889,0
2967,1
3151,1
4195,1
1048,0
1673,0
494,0
2575,0
4626,1
655,0
2479,0
2288,0
1808,0
2811,1
4304,1
998,0
3799,1
1708,0
2824,1
4391,1
1359,0
5518,1
431,0
1540,0
5201,1
2915,1
1890,0
3766,1
1140,0
5569,1
4583,1
1052,0
4648,1
4114,1
854,0
24,0
863,0
5278,1
1558,0
428,0
2206,0
6,0
1539,0
3989,1
1765,0
2684,1
2778,1
1504,0
3947,1
285,0
2555,0
4468,1
4703,1
5607,1
580,0
3580,1
4670,1
2546,0
1571,0
496,0
2383,0
3939,1
3660,1
807,0
4163,1
5530,1
2808,1
4622,1
3271,1
1385,0
4121,1
3783,1
4776,1
446,0
2139,0
1247,0
622,0
5233,1
3380,1
89,0
4860,1
2278,0
4483,1
2646,1
3082,1
2649,1
3781,1
5037,1
4878,1
5110,1
647,0
814,0
2564,0
2598,0
3800,1
632,0
160,0
3882,1
725,0
1215,0
4864,1
246,0
1817,0
3662,1
5072,1
4012,1
4946,1
302,0
2450,0
2899,1
893,0
3835,1
1100,0
1172,0
5055,1
3935,1
1949,0
2237,0
3275,1
5715,1
2224,0
351,0
4001,1
2553,0
3181,1
4442,1
1714,0
2805,1
3227,1
1955,0
4760,1
2009,0
4397,1
1709,0
3858,1
3726,1
4592,1
2143,0
4123,1
4239,1
4579,1
1598,0
4990,1
498,0
4408,1
3247,1
3158,1
5292,1
3187,1
2039,0
317,0
1533,0
5642,1
3798,1
4950,1
4178,1
1907,0
2107,0
4464,1
432,0
1862,0
2534,0
75,0
1088,0
5575,1
1249,0
5538,1
983,0
980,0
2726,1
910,0
5117,1
2391,0
4191,1
2435,0
1389,0
2018,0
5252,1
5078,1
191,0
5298,1
4112,1
5562,1
727,0
1570,0
3134,1
3729,1
4632,1
1333,0
1029,0
4906,1
5599,1
1986,0
5721,1
4691,1
4914,1
5544,1
63,0
1243,0
2367,0
5410,1
219,0
4933,1
1105,0
119,0
3741,1
848,0
4604,1
1016,0
5522,1
1944,0
2125,0
3846,1
2017,0
1151,0
5686,1
2924,1
4216,1
1552,0
5113,1
4168,1
135,0
2914,1
5660,1
4840,1
129,0
602,0
3075,1
98,0
3260,1
1347,0
850,0
3599,1
1059,0
2170,0
4462,1
4786,1
1904,0
2492,0
4149,1
1094,0
3450,1
2088,0
5097,1
2215,0
4969,1
4167,1
2298,0
1056,0
1760,0
2650,1
4601,1
4298,1
3441,1
349,0
2739,1
4527,1
1202,0
3296,1
4938,1
939,0
5379,1
4617,1
3448,1
2861,1
782,0
1970,0
2342,0
362,0
701,0
4353,1
1045,0
1934,0
3036,1
5718,1
3000,1
4834,1
2817,1
536,0
3774,1
2855,1
1068,0
5818,1
769,0
984,0
414,0
1443,0
1804,0
5551,1
2827,1
1912,0
430,0
3046,1
2419,0
967,0
4254,1
3936,1
1613,0
139,0
5151,1
2951,1
357,0
2893,1
3564,1
2921,1
3979,1
5806,1
1396,0
3871,1
5447,1
1625,0
325,0
5537,1
5691,1
599,0
2423,0
380,0
3901,1
2258,0
2183,0
3492,1
2489,0
2213,0
3306,1
3982,1
1459,0
3310,1
3210,1
5181,1
2691,1
4072,1
606,0
3622,1
1900,0
5100,1
3657,1
1630,0
4445,1
2619,0
1962,0
0,0
193,0
1361,0
3841,1
2692,1
2853,1
2935,1
1981,0
5517,1
1634,0
1876,0
3084,1
4635,1
4157,1
3404,1
3436,1
294,0
4844,1
2593,0
2710,1
3791,1
4788,1
1733,0
5767,1
4182,1
4612,1
4466,1
764,0
4439,1
2630,1
2966,1
618,0
407,0
966,0
4773,1
2775,1
3967,1
718,0
1187,0
4787,1
5438,1
4274,1
5417,1
2323,0
4666,1
4651,1
2537,0
2806,1
1697,0
2247,0
1791,0
933,0
2001,0
3926,1
2023,0
3114,1
4765,1
4250,1
4385,1
5257,1
4335,1
1264,0
3892,1
2989,1
2150,0
4595,1
5207,1
3317,1
5297,1
2993,1
3501,1
795,0
4639,1
4600,1
2513,0
4426,1
4510,1
5025,1
2760,1
5259,1
5019,1
2770,1
954,0
5571,1
3150,1
1130,0
5739,1
4392,1
2388,0
3113,1
5567,1
1534,0
1073,0
3776,1
5527,1
3364,1
4766,1
719,0
3431,1
4367,1
3955,1
3061,1
3225,1
5144,1
3690,1
5335,1
5528,1
1593,0
376,0
911,0
592,0
5666,1
4957,1
4521,1
5288,1
1478,0
1972,0
2432,0
692,0
1926,0
1675,0
1985,0
2552,0
197,0
2075,0
1480,0
1308,0
5086,1
3457,1
4560,1
1311,0
4051,1
1180,0
5727,1
3048,1
418,0
5804,1
3673,1
2140,0
2428,0
744,0
28,0
4930,1
2947,1
4966,1
5191,1
3076,1
4842,1
5470,1
10,0
4575,1
208,0
3625,1
1665,0
2891,1
853,0
3080,1
2752,1
1732,0
4090,1
4115,1
1081,0
3029,1
448,0
3974,1
4802,1
3789,1
5089,1
365,0
464,0
26,0
5734,1
5486,1
1034,0
1134,0
4202,1
4285,1
5248,1
5552,1
3493,1
2940,1
5594,1
5697,1
2629,0
2380,0
697,0
3607,1
924,0
3758,1
13,0
473,0
3482,1
2889,1
898,0
3641,1
1607,0
4256,1
4342,1
2971,1
5652,1
4532,1
2740,1
2647,1
5583,1
1466,0
5563,1
2670,1
5240,1
2897,1
2475,0
4162,1
3569,1
4412,1
1462,0
2240,0
3829,1
176,0
5625,1
753,0
3263,1
3390,1
4502,1
364,0
4619,1
3389,1
2898,1
2708,1
5131,1
3349,1
3119,1
2006,0
4585,1
366,0
1692,0
3840,1
623,0
3612,1
3864,1
1840,0
829,0
4539,1
3617,1
1776,0
2184,0
368,0
2789,1
1651,0
1080,0
1236,0
862,0
328,0
1136,0
1248,0
3397,1
5368,1
286,0
1494,0
1413,0
3694,1
1951,0
5807,1
4534,1
1031,0
2358,0
3601,1
1498,0
4444,1
555,0
2329,0
314,0
4319,1
2972,1
1402,0
4728,1
2294,0
543,0
3546,1
3314,1
2041,0
1757,0
1362,0
1042,0
1712,0
4733,1
3122,1
398,0
3374,1
790,0
1178,0
2944,1
876,0
4519,1
520,0
3570,1
1892,0
217,0
145,0
5803,1
2470,0
4169,1
5644,1
5555,1
1318,0
1255,0
2122,0
486,0
928,0
4744,1
1710,0
4902,1
5491,1
4611,1
2250,0
2026,0
2554,0
4166,1
3459,1
1653,0
114,0
258,0
2529,0
3346,1
2644,1
874,0
3199,1
5291,1
2544,0
4962,1
5194,1
3350,1
2511,0
3224,1
2397,0
2556,0
5722,1
3417,1
1682,0
2070,0
2172,0
4273,1
3636,1
3792,1
3384,1
3959,1
3141,1
804,0
5464,1
5512,1
2413,0
4271,1
5424,1
2259,0
2246,0
3498,1
1779,0
3865,1
2754,1
5744,1
5673,1
2401,0
5520,1
3550,1
3491,1
1615,0
2837,1
4525,1
4565,1
5699,1
1036,0
2451,0
2850,1
151,0
2773,1
472,0
4965,1
5784,1
518,0
372,0
2426,0
2178,0
3027,1
1988,0
4460,1
4447,1
5500,1
3125,1
5725,1
506,0
3678,1
1010,0
522,0
766,0
64,0
703,0
1688,0
2042,0
3721,1
1158,0
5541,1
5236,1
4131,1
3534,1
4973,1
3845,1
2141,0
3108,1
5166,1
4098,1
1832,0
855,0
1370,0
175,0
5042,1
2345,0
3071,1
4049,1
3484,1
439,0
3586,1
35,0
1379,0
1169,0
3305,1
2751,1
2736,1
4152,1
4118,1
970,0
5381,1
1138,0
2431,0
4873,1
1940,0
3995,1
2013,0
4928,1
3987,1
1825,0
3278,1
3807,1
1599,0
5263,1
3504,1
2151,0
244,0
5371,1
1753,0
675,0
3590,1
4187,1
2654,1
348,0
2394,0
3507,1
3867,1
2910,1
657,0
4647,1
1604,0
5524,1
2159,0
2781,1
5003,1
76,0
4797,1
3169,1
4750,1
4287,1
4865,1
4556,1
4457,1
643,0
21,0
5081,1
1887,0
4972,1
462,0
5497,1
5809,1
760,0
2072,0
805,0
3065,1
5612,1
1244,0
5118,1
1316,0
4649,1
1960,0
3918,1
4999,1
3378,1
5401,1
4476,1
708,0
1680,0
1409,0
2887,1
4570,1
1636,0
3327,1
4854,1
180,0
4146,1
3619,1
45,0
649,0
3700,1
1621,0
3025,1
770,0
1428,0
5383,1
3236,1
787,0
4312,1
885,0
2051,0
4899,1
4812,1
5452,1
2069,0
2138,0
5623,1
2952,1
1196,0
1855,0
4414,1
5450,1
4876,1
4303,1
3044,1
51,0
2703,1
5323,1
1325,0
2535,0
1233,0
466,0
3839,1
5356,1
828,0
4473,1
2502,0
3875,1
2424,0
1364,0
4454,1
5553,1
4362,1
4366,1
3209,1
5425,1
4069,1
3843,1
2495,0
2950,1
4955,1
146,0
150,0
409,0
3683,1
4080,1
5514,1
281,0
1577,0
2387,0
3770,1
117,0
3202,1
4448,1
3993,1
1711,0
2047,0
3613,1
1789,0
1756,0
5044,1
3838,1
2829,1
4763,1
5536,1
1157,0
4314,1
535,0
4332,1
4047,1
4036,1
4988,1
590,0
667,0
5188,1
1933,0
2285,0
3565,1
3387,1
47,0
715,0
3589,1
5752,1
5802,1
1695,0
5066,1
3827,1
2541,0
1735,0
2725,1
3669,1
1149,0
4495,1
2251,0
1214,0
4508,1
3611,1
5503,1
1799,0
22,0
4504,1
2628,0
1174,0
1500,0
4500,1
33,0
5757,1
378,0
5529,1
3070,1
1035,0
458,0
5593,1
1257,0
2456,0
5680,1
509,0
263,0
869,0
339,0
1482,0
80,0
4861,1
5601,1
3062,1
4004,1
5155,1
995,0
1739,0
4406,1
5130,1
1119,0
3057,1
5741,1
2155,0
5505,1
12,0
397,0
1821,0
3785,1
2148,0
4687,1
5308,1
4725,1
875,0
4381,1
1019,0
1646,0
3283,1
5742,1
5586,1
673,0
477,0
3998,1
2443,0
3579,1
1503,0
489,0
469,0
3186,1
226,0
2567,0
3009,1
399,0
2523,0
2528,0
949,0
5090,1
1525,0
3081,1
2145,0
2683,1
5195,1
4499,1
912,0
713,0
1914,0
1798,0
1748,0
1355,0
4774,1
2981,1
2927,1
2795,1
1276,0
189,0
2941,1
2248,0
5011,1
5189,1
957,0
2634,1
5791,1
2055,0
3532,1
1524,0
4809,1
1190,0
1083,0
3052,1
4061,1
4588,1
5479,1
1146,0
5584,1
3587,1
3382,1
798,0
1401,0
1259,0
1749,0
937,0
544,0
3809,1
539,0
5516,1
5244,1
1450,0
4015,1
303,0
4403,1
1511,0
891,0
250,0
1274,0
2230,0
3322,1
3264,1
1833,0
2090,0
4714,1
3902,1
3445,1
5763,1
4480,1
1189,0
2863,1
447,0
421,0
1022,0
2376,0
4025,1
4259,1
1633,0
2718,1
3477,1
511,0
3862,1
313,0
4282,1
1393,0
4679,1
1734,0
4204,1
4456,1
880,0
3420,1
2415,0
2112,0
1077,0
4424,1
3053,1
2690,1
5361,1
5816,1
5023,1
2912,1
4707,1
2519,0
2352,0
4900,1
570,0
3812,1
5258,1
2175,0
182,0
1740,0
5328,1
1771,0
826,0
2024,0
2954,1
4518,1
1474,0
1020,0
3385,1
4614,1
557,0
3437,1
681,0
1681,0
711,0
4995,1
2660,1
2169,0
3886,1
3163,1
5592,1
2272,0
4048,1
5559,1
4934,1
4325,1
3848,1
3104,1
2977,1
4212,1
4355,1
2876,1
627,0
5533,1
1328,0
2214,0
3692,1
1071,0
4751,1
2271,0
4133,1
3148,1
382,0
4416,1
5670,1
3239,1
1743,0
2661,1
2901,1
1694,0
2958,1
5336,1
5033,1
4288,1
2991,1
2341,0
1038,0
5391,1
3595,1
3763,1
4467,1
5588,1
4512,1
1578,0
3073,1
5124,1
5224,1
2012,0
3116,1
4769,1
2021,0
4589,1
1356,0
1857,0
4238,1
4577,1
4685,1
3796,1
5659,1
4327,1
943,0
3367,1
4128,1
4582,1
1751,0
1011,0
161,0
4992,1
955,0
3485,1
225,0
3795,1
3966,1
1155,0
3996,1
4945,1
1110,0
4603,1
2422,0
4880,1
5276,1
4159,1
553,0
3970,1
330,0
179,0
4211,1
5547,1
5062,1
5731,1
3473,1
3764,1
2524,0
2460,0
1340,0
4345,1
5316,1
815,0
1487,0
3817,1
91,0
2802,1
1761,0
4489,1
1374,0
4244,1
1338,0
2220,0
5087,1
2335,0
5753,1
4591,1
1070,0
1727,0
5108,1
5616,1
1974,0
5211,1
3873,1
4533,1
4347,1
5250,1
717,0
3606,1
781,0
2309,0
3973,1
1639,0
1805,0
2061,0
3689,1
4964,1
1392,0
5230,1
3238,1
2321,0
2227,0
861,0
1619,0
4194,1
5415,1
1183,0
4227,1
2379,0
3018,1
3691,1
3252,1
1899,0
3299,1
1528,0
549,0
4660,1
5792,1
3581,1
4832,1
4313,1
930,0
4054,1
5237,1
4605,1
5459,1
2771,1
796,0
1493,0
3990,1
788,0
435,0
1728,0
5008,1
1460,0
3537,1
1605,0
5665,1
1687,0
213,0
3020,1
3712,1
5053,1
5542,1
5554,1
4384,1
515,0
5163,1
5719,1
2346,0
2676,1
4173,1
2471,0
4580,1
4655,1
800,0
716,0
1491,0
2906,1
3375,1
2185,0
3353,1
4060,1
4386,1
1442,0
683,0
11,0
2777,1
4804,1
5798,1
1339,0
390,0
3328,1
2486,0
889,0
5148,1
531,0
386,0
5416,1
1654,0
1159,0
4205,1
685,0
2081,0
194,0
2601,0
5550,1
1945,0
4102,1
2133,0
951,0
4372,1
1523,0
2573,0
2797,1
4668,1
5049,1
1179,0
1569,0
2104,0
5149,1
3540,1
3223,1
2689,1
5456,1
2508,0
4106,1
2943,1
3162,1
3658,1
4017,1
1101,0
707,0
3917,1
137,0
4190,1
2625,0
3428,1
1114,0
3211,1
3077,1
2617,0
5610,1
4867,1
